"번호","개방서비스명","개방서비스id","개방자치단체코드","관리번호","인허가일자","인허가취소일자","영업상태구분코드","영업상태명","상세영업상태코드","상세영업상태명","폐업일자","휴업시작일자","휴업종료일자","재개업일자","소재지전화","소재지면적","소재지우편번호","소재지전체주소","도로명전체주소","도로명우편번호","사업장명","최종수정시점","데이터갱신구분","데이터갱신일자","업태구분명","좌표정보(x)","좌표정보(y)","문화체육업종명","공사립구분명","보험가입여부코드","지도자수","건축물동수","건축물연면적","회원모집총인원","세부업종명","법인명",
"1","골프장","10_31_02_P","4050000","CDFH2302012013000001","20130906","20131118","04","취소/말소/만료/정지/중지","31","등록취소","","","","","031-330-8203","","449831","경기도 용인시 처인구 이동읍 덕성리 산 83-1번지","경기도 용인시 처인구 이동읍 이원로384번길 71","","처인CC","20131127150424","I","2018-08-31 23:59:59.0","","220000.35396100000","408234.76154800000","골프장","사립","Y","1","","7493.53","","","",
"2","골프장","10_31_02_P","4050000","CDFH2302012012000003","20121026","","01","영업/정상","13","영업중","","","","","","","","경기도 용인시 처인구 이동읍 서리 1222 해솔리아컨트리클럽","경기도 용인시 처인구 이동읍 백자로 369, 해솔리아컨트리클럽","17126","해솔리아컨트리클럽","20200915182941","U","2020-09-17 02:40:00.0","","216207.279893906","411811.82331579","골프장","사립","Y","1","7","14873.89","","","",
"3","골프장","10_31_02_P","4050000","CDFH2302012012000001","20120903","","01","영업/정상","13","영업중","","","","","031-329-0754","","449863","경기도 용인시 처인구 백암면 고안리 산 21-1번지","","","써닝포인트 컨트리클럽","20190121133849","U","2019-01-23 02:40:00.0","","237587.768137288","405137.497828468","골프장","사립","Y","1","3","12340.42","","","",
"4","골프장","10_31_02_P","4050000","CDFH2302012002000001","20020329","","01","영업/정상","13","영업중","","","","","","","449864","경기도 용인시 처인구 백암면 석천리 747-1번지","경기도 용인시 처인구 백암면 황새울로 255","","용인씨씨","20180102135143","I","2018-08-31 23:59:59.0","","230391.880235629","401227.000916571","골프장","사립","0","","","4825.39","","","",
"5","골프장","10_31_02_P","4050000","CDFH2302011999000002","19990719","","01","영업/정상","13","영업중","","","","","031-320-8344","","","경기도 용인시 처인구 포곡읍 전대리 310 삼성에버랜드","경기도 용인시 처인구 포곡읍 에버랜드로 199, 삼성에버랜드","17023","글렌로스골프클럽","20210430174524","U","2021-05-02 02:40:00.0","","219138.424611781","420903.964757574","골프장","사립","0","","","1901.57","","","",
"6","골프장","10_31_02_P","4050000","CDFH2302011999000001","19990210","","01","영업/정상","13","영업중","","","","","330-1532","","449871","경기도 용인시 처인구 원삼면 맹리 산 25번지","","","지산대중","20030425163515","I","2018-08-31 23:59:59.0","","","","골프장","사립","0","","","","","","",
"7","골프장","10_31_02_P","4050000","CDFH2302011998000001","19980603","","01","영업/정상","13","영업중","","","","","","","449885","경기도 용인시 처인구 남사면 창리 454-3번지","경기도 용인시 처인구 남사면 경기동로 628","","레이크힐스용인컨트리클럽","20200206140239","U","2020-02-08 02:40:00.0","","216644.639814228","403119.762771432","골프장","사립","0","","","","868","","",
"8","골프장","10_31_02_P","4050000","CDFH2302011997000002","19970906","","01","영업/정상","13","영업중","","","","","334-2111","","449852","경기도 용인시 처인구 모현읍 능원리 산 5-12번지","경기도 용인시 처인구 모현읍 능원로 181","","레이크사이드회원","20190208103057","U","2019-02-10 02:40:00.0","","215629.609472079","425051.25336069","골프장","사립","0","","","","441","","",
"9","골프장","10_31_02_P","4050000","CDFH2302011997000001","19970122","","01","영업/정상","13","영업중","","","","","","","446908","경기도 용인시 기흥구 영덕동 258-2번지","경기도 용인시 기흥구 흥덕4로 77  (영덕동)","","태광컨트리클럽(대중제)","20200507131005","U","2020-05-09 02:40:00.0","","207447.393102164","420337.547036423","골프장","사립","0","","","968.52","","","",
"10","골프장","10_31_02_P","4050000","CDFH2302011993000003","19930823","","01","영업/정상","13","영업중","","","","","","","","경기도 용인시 처인구 원삼면 목신리 356-10번지","경기도 용인시 처인구 원삼면 보개원삼로1534번길 40","17170","블루원용인CC","20190131101430","U","2019-02-02 02:40:00.0","","227883.9727022","403138.155841543","골프장","사립","0","","","9917.66","1520","","",
"11","골프장","10_31_02_P","4050000","CDFH2302011993000002","19930608","","01","영업/정상","13","영업중","","","","","","","449822","경기도 용인시 처인구 양지면 대대리 854-34","경기도 용인시 처인구 양지면 양대로 290","449822","금호리조트(주)","20210511111159","U","2021-05-13 02:40:00.0","","225622.153527581","416941.404061624","골프장","사립","0","","","11032.57","2230","","",
"12","골프장","10_31_02_P","4050000","CDFH2302011996000002","19960920","","01","영업/정상","13","영업중","","","","","","","449832","경기도 용인시 처인구 이동읍 화산리 129-64번지","경기도 용인시 처인구 이동읍 화산로 239","449832","화산","20160923172224","I","2018-08-31 23:59:59.0","","220670.631206435","405886.667544763","골프장","사립","0","","","7242.24","","","",
"13","골프장","10_31_02_P","4050000","CDFH2302011996000001","19960327","","01","영업/정상","13","영업중","","","","","286-9500","","446901","경기도 용인시 기흥구 고매동 279-13번지","경기도 용인시 기흥구 기흥단지로 224  (고매동)","","코리아대중","20171229151304","I","2018-08-31 23:59:59.0","","210455.289981489","413543.860553489","골프장","사립","0","","","1397.88","","","",
"14","골프장","10_31_02_P","4050000","CDFH2302011994000002","19940629","","01","영업/정상","13","영업중","","","","","","","467812","경기도 이천시 마장면 해월리 산 281번지","","","지산리조트(주)","20030425163330","I","2018-08-31 23:59:59.0","","","","골프장","사립","0","","","1527293","","","",
"15","골프장","10_31_02_P","4050000","CDFH2302011994000001","19940629","","01","영업/정상","13","영업중","","","","","334-7111","","449834","경기도 용인시 처인구 이동읍 서리 784-7번지","","","코리아컨트리클럽","20180316135114","I","2018-08-31 23:59:59.0","","213364.544923911","413063.186340137","골프장","사립","0","","","8992.73","1329","","",
"16","골프장","10_31_02_P","4050000","CDFH2302011993000004","19930823","","01","영업/정상","13","영업중","","","","","","","","경기도 용인시 처인구 원삼면 목신리 356-10번지","경기도 용인시 처인구 원삼면 보개원삼로1534번길 40","17170","블루원용인CC","20190131103029","U","2019-02-02 02:40:00.0","","227883.9727022","403138.155841543","골프장","사립","0","","","1308.79","","","",
"17","골프장","10_31_02_P","4050000","CDFH2302011993000001","19930608","","01","영업/정상","13","영업중","","","","","","","","","경기도 용인시 처인구 백옥대로 860-38 (호동, 은화삼C.C)","17140","은화삼","20170716135018","I","2018-08-31 23:59:59.0","","220157.048992062","412719.740695717","골프장","사립","0","","","113170.63","1081","","",
"18","골프장","10_31_02_P","4050000","CDFH2302011992000001","19920831","","01","영업/정상","13","영업중","","","","","","","449833","경기도 용인시 처인구 이동읍 묵리 산 49-1","경기도 용인시 처인구 이동읍 이원로 225","449833","신원","20210430140010","U","2021-05-02 02:40:00.0","","222259.042206837","408978.386324539","골프장","사립","0","","","8874.55","743","","",
"19","골프장","10_31_02_P","4050000","CDFH2302011991000001","19911230","","01","영업/정상","13","영업중","","","","","286-8603","","446904","경기도 용인시 기흥구 보라동 1-35번지","경기도 용인시 기흥구 사은로 163 (보라동)","","남부","20180710143852","I","2018-08-31 23:59:59.0","","211076.745904065","418039.563996241","골프장","사립","0","","","5312.8","799","","",
"20","골프장","10_31_02_P","4050000","CDFH2302011990000001","19901015","","01","영업/정상","13","영업중","","","","","334-2111","","449852","경기도 용인시 처인구 모현읍 능원리 산 5-12번지","경기도 용인시 처인구 모현읍 능원로 181","","레이크사이드대중","20190208103039","U","2019-02-10 02:40:00.0","","215629.609472079","425051.25336069","골프장","사립","0","","","10248.36","","","",
"21","골프장","10_31_02_P","4050000","CDFH2302011986000001","19860915","","01","영업/정상","13","영업중","","","","","","","","경기도 용인시 기흥구 고매동 5-73번지 골드훼미리콘도","경기도 용인시 기흥구 기흥단지로 406 (고매동, 골드훼미리콘도)","17087","골드컨트리클럽","20181010172154","U","2018-10-10 23:59:59.0","","212199.39792057","413149.406715243","골프장","사립","0","","","","1988","","",
"22","골프장","10_31_02_P","4050000","CDFH2302011984000002","19840604","","01","영업/정상","13","영업중","","","","","","","446506","경기도 용인시 기흥구 마북동 153-1번지","경기도 용인시 기흥구 구교동로 151 (마북동)","446506","한성","20160603202805","I","2018-08-31 23:59:59.0","","210837.002523732","422680.250886267","골프장","사립","0","","19","10866.3","1910","","",
"23","골프장","10_31_02_P","4050000","CDFH2302011984000001","19840428","","01","영업/정상","13","영업중","","","","","281-7111","","446908","경기도 용인시 기흥구 영덕동 258-2번지","경기도 용인시 기흥구 흥덕4로 77 (영덕동)","","태광컨트리클럽","20200507172122","U","2020-05-09 02:40:00.0","","207447.393102164","420337.547036423","골프장","사립","0","","","10443.2","1316","","",
"24","골프장","10_31_02_P","4050000","CDFH2302011981000001","19811130","","01","영업/정상","13","영업중","","","","","","","","경기도 용인시 처인구 남사면 통삼리 1-1번지 한화리조트","경기도 용인시 처인구 남사면 봉무로153번길 79, 한화리조트","17119","플라자C.C","20200611130111","U","2020-06-13 02:40:00.0","","212145.399480582","403023.550490902","골프장","사립","0","","","10131.8","","","",
"25","골프장","10_31_02_P","4050000","CDFH2302011975000001","19750426","","01","영업/정상","13","영업중","","","","","","","","경기도 용인시 기흥구 구갈동 258-1 수원컨트리클럽","경기도 용인시 기흥구 중부대로 495, 수원컨트리클럽 (구갈동)","16976","수원컨트리클럽","20201012142624","U","2020-10-14 02:40:00.0","","210864.575041437","419457.247187263","골프장","사립","0","","","13499.83","","","",
"26","골프장","10_31_02_P","4050000","CDFH2302011971000001","19711124","","01","영업/정상","13","영업중","","","","","","","449821","경기도 용인시 처인구 양지면 남곡리 34-1번지","경기도 용인시 처인구 양지면 남평로 112","","파인리조트","20200307130217","U","2020-03-09 02:40:00.0","","225676.914901776","412533.211980695","골프장","사립","0","","","5977.79","2639","","",
"27","골프장","10_31_02_P","4050000","CDFH2302011970000001","19701013","","01","영업/정상","13","영업중","","","","","373-7111","","449884","경기도 용인시 처인구 남사면 북리 859-1번지","경기도 용인시 처인구 남사면 전나무골길2번길 94","449884","한원컨트리클럽","20181115181534","U","2018-11-17 02:38:02.0","","211535.407569017","406187.362552862","골프장","사립","0","","","10285.7","2374","","",
"28","골프장","10_31_02_P","4170000","CDFH2302012011000001","20111013","","01","영업/정상","13","영업중","","","","","031-722-3000","","","경기도 양평군 지평면 대평리 산 112","경기도 양평군 지평면 대평평장길 113-8 (양평TPC골프클럽)","12543","양평TPC골프장","20201112093108","U","2020-11-14 02:40:00.0","","257787.727471873","435038.364564978","골프장","공립","Y","1","7","9516.41","400","","",
"29","골프장","10_31_02_P","5600000","CDFH2302012010000001","20100412","","01","영업/정상","13","영업중","","","","","","","487817","경기도 포천시 가산면 우금리 88-5","경기도 포천시 가산면 금우로 276","","푸른솔 골프클럽 포천","20200811161146","U","2020-08-13 02:40:00.0","","220660.749827946","481985.421923903","골프장","사립","","1","","","","","",
"30","골프장","10_31_02_P","5600000","CDFH2302012009000001","20090209","","01","영업/정상","13","영업중","","","","","031-539-5932","","487856","경기도 포천시 일동면 유동리 21-2","경기도 포천시 일동면 화동로 738","487856","일동레이크대중제골프장","20210309164611","U","2021-03-11 02:40:00.0","","227780.749869234","492123.715465918","골프장","사립","0","","1","76","","","",
"31","골프장","10_31_02_P","5600000","CDFH2302012004000001","20040625","","01","영업/정상","13","영업중","","","","","031-531-3841","","487892","경기도 포천시 영북면 산정리 558-1","경기도 포천시 영북면 산정호수로 359-12","","몽베르컨트리클럽","20200818154617","U","2020-08-20 02:40:00.0","","227025.7926405","507997.848408459","골프장","사립","0","","","11243.8","2350","","",
"32","골프장","10_31_02_P","5600000","CDFH2302011999000002","19990309","","01","영업/정상","13","영업중","","","","","","","487913","경기도 포천시 신북면 고일리 산 59번지","경기도 포천시 신북면 포천로 2499","","포천아도니스 대중골프장","20190326093022","U","2019-03-28 02:40:00.0","","214684.476405762","495955.033683119","골프장","사립","1","1","","1104.11","","","",
"33","골프장","10_31_02_P","5600000","CDFH2302011999000001","19990309","","01","영업/정상","13","영업중","","","","","","","487913","경기도 포천시 신북면 고일리 산 59번지","경기도 포천시 신북면 포천로 2499","","포천아도니스 C.C","20190326154142","U","2019-03-28 02:40:00.0","","214684.476405762","495955.033683119","골프장","사립","1","","","13875.98","","","",
"34","골프장","10_31_02_P","5600000","CDFH2302011995000001","19950403","","01","영업/정상","13","영업중","","","","","031-539-5900","","487856","경기도 포천시 일동면 유동리 21-2","경기도 포천시 일동면 화동로 738","","일동레이크 골프클럽","20210318171915","U","2021-03-20 02:40:00.0","","227780.749869234","492123.715465918","골프장","사립","0","","","9331.12","960","","",
"35","골프장","10_31_02_P","5600000","CDFH2302011992000001","19920901","","01","영업/정상","13","영업중","","","","","031-531-2003","","","경기도 포천시 일동면 기산리 산 142-1번지","경기도 포천시 일동면 운악청계로 1507","11119","필로스골프클럽","20180124115127","I","2018-08-31 23:59:59.0","","229055.656130376","493292.472984552","골프장","사립","1","","17","8625.97","","","",
"36","골프장","10_31_02_P","4170000","CDFH2302012013000001","20130531","","01","영업/정상","13","영업중","","","","","031-770-9900","","476882","경기도 양평군 양동면 고송리 산 143번지","경기도 양평군 양동면 양동로 756","","더 스타 휴 컨트리클럽","20141125144759","I","2018-08-31 23:59:59.0","","262112","442684","골프장","사립","Y","1","1","17142.84","400","","",
"37","골프장","10_31_02_P","5600000","CDFH2302012014000001","20141020","","01","영업/정상","13","영업중","","","","","031-538-0333","","","경기도 포천시 설운동 산 38-17번지","경기도 포천시 삼육사로 1982 (설운동)","11160","참밸리 컨트리클럽","20180525101723","I","2018-08-31 23:59:59.0","","211526.712549","484741.44727","골프장","사립","Y","1","","8127.4","","","",
"38","골프장","10_31_02_P","5600000","CDFH2302012010000003","20101230","","01","영업/정상","13","영업중","","","","","031-530-8000","","","경기도 포천시 화현면 명덕리 178-1번지","경기도 포천시 화현면 봉화로 253","11125","포레스트힐C.C","20171012100010","I","2018-08-31 23:59:59.0","","224247.03750095","485608.85427102","골프장","사립","Y","1","6","9774.01","","","",
"39","골프장","10_31_02_P","5600000","CDFH2302012010000002","20100506","","01","영업/정상","13","영업중","","","","","","","487873","경기도 포천시 군내면 상성북리 34-1번지","경기도 포천시 군내면 반월산성로375번길 34","","포천힐스컨트리클럽","20180817145511","I","2018-08-31 23:59:59.0","","220523.986182528","487043.521945957","골프장","사립","","","13","14532.08","","","",
"40","골프장","10_31_02_P","4450000","CDFH2302011995000001","19950817","","01","영업/정상","13","영업중","","","","","536-1001,1951","","365822","충청북도 진천군 이월면 신계리 산 77번지","","","천룡컨트리클럽","20030328115839","I","2018-08-31 23:59:59.0","","234383.781159","382702.469292","골프장","사립","0","","","8137","","","",
"41","골프장","10_31_02_P","4450000","CDFH2302011992000001","19920420","","01","영업/정상","13","영업중","","","","","533-6297,6666","","365811","충청북도 진천군 백곡면 성대리 산 103-1번지","충청북도 진천군 백곡면 배티로 818-105","","중앙컨트리클럽","20030328120053","I","2018-08-31 23:59:59.0","","230132.317221","381849.661867","골프장","사립","0","","","8176","","","",
"42","골프장","10_31_02_P","4390000","CDFH2302012013000001","20130327","","01","영업/정상","13","영업중","","","","","043)900-8800","","380883","충청북도 충주시 주덕읍 화곡리 1097번지","충청북도 충주시 주덕읍 기업도시3로 2","","킹스데일골프클럽","20191112172950","U","2019-11-14 02:40:00.0","","272282.230487","391026.690399","골프장","공립","Y","1","6","6170.97","","","",
"43","골프장","10_31_02_P","4390000","CDFH2302012012000001","20120402","","01","영업/정상","13","영업중","","","","","043)850-8800","","380883","충청북도 충주시 주덕읍 화곡리 1097번지","충청북도 충주시 주덕읍 기업도시3로 2","380883","킹스데일 골프클럽","20130204143722","I","2018-08-31 23:59:59.0","","272282.230487","391026.690399","골프장","사립","Y","1","5","6170.97","","","",
"44","골프장","10_31_02_P","4390000","CDFH2302012009000001","20090305","","01","영업/정상","13","영업중","","","","","043-850-8600","","380873","충청북도 충주시 대소원면 장성리 산 7번지","충청북도 충주시 대소원면 성종두담길 113","","대영베이스컨트리클럽","20110525105257","I","2018-08-31 23:59:59.0","","274752.637961","383301.172634","골프장","사립","Y","1","5","14181","","","",
"45","골프장","10_31_02_P","4390000","CDFH2302011996000001","19960810","","01","영업/정상","13","영업중","","","","","","","380861","충청북도 충주시 앙성면 중전리 산 11-1번지","충청북도 충주시 앙성면 중방곡길 57-44","","(주)시그너스컨트리클럽","20041105104810","I","2018-08-31 23:59:59.0","","265587.725557","408552.746963","골프장","사립","0","","","2187.1","","","",
"46","골프장","10_31_02_P","5690000","CDFH2302012012000001","20120716","","01","영업/정상","13","영업중","","","","","","","","세종특별자치시 산울동 644 건설공제조합 세종필드골프클럽","세종특별자치시 연기면 정안세종로 1569, 건설공제조합 세종필드골프클럽","30090","건설공제조합 세종필드골프클럽","20210309104220","U","2021-03-11 02:40:00.0","","223453.36087500000","337840.20950800000","골프장","사립","Y","1","15","10236.42","","","",
"47","골프장","10_31_02_P","5690000","CDFH2302011994000001","19941114","","01","영업/정상","13","영업중","","","","","0448629715","","339851","세종특별자치시 전의면 유천리 216-1번지","세종특별자치시 전의면 운주산로 1510","","세종에머슨 컨트리클럽","20190927093933","U","2019-09-29 02:40:00.0","","215930.472000254","354895.21641369","골프장","사립","Y","1","","13188.17","","","",
"48","골프장","10_31_02_P","4620000","CDFH2302012016000001","20160804","","01","영업/정상","13","영업중","","","","","041-674-5670","","","","충청남도 태안군 태안읍 소곳이길 92-232","","현대 태안 CC 4","20210201204844","U","2021-02-03 02:40:00.0","","","","골프장","사립","Y","1","4","10413.02","","","",
"49","골프장","10_31_02_P","4620000","CDFH2302012015000001","20151113","","01","영업/정상","13","영업중","","","","","041-674-5670","","","충청남도 태안군 태안읍 송암리 1528","충청남도 태안군 태안읍 소곳이길 92-234","","현대 태안 CC 3","20210202101334","U","2021-02-04 02:40:00.0","","139457.90266","355927.62244","골프장","사립","Y","1","7","3193.76","","","",
"50","골프장","10_31_02_P","4620000","CDFH2302012014000002","20140617","","01","영업/정상","13","영업중","","","","","","","","충청남도 태안군 태안읍 반곡리 1154-4","충청남도 태안군 태안읍 기업도시6길 43","32149","로얄링스CC2","20210312100908","U","2021-03-14 02:40:00.0","","140782.076802","357893.03718","골프장","사립","Y","1","6","8675.47","","","",
"51","골프장","10_31_02_P","4620000","CDFH2302012014000001","20140418","","01","영업/정상","13","영업중","","","","","041-674-3090","","","충청남도 태안군 태안읍 반곡리 1143-10","충청남도 태안군 태안읍 기업도시1길 45-20","32149","로얄링스CC1","20210312100552","U","2021-03-14 02:40:00.0","","140810.496064","359635.412796","골프장","사립","Y","1","9","1653.3","","","",
"52","골프장","10_31_02_P","4620000","CDFH2302012006000001","20061002","","01","영업/정상","13","영업중","","","","","","","357942","충청남도 태안군 근흥면 정죽리 2259-1번지","충청남도 태안군 근흥면 갈음이길 77","357940","태안비치컨트리클럽","20111030133129","I","2018-08-31 23:59:59.0","","124998.273734","354752.920553","골프장","사립","0","","","","","","",
"53","골프장","10_31_02_P","4490000","CDFH2302011999000001","19991209","","01","영업/정상","13","영업중","","","","","557-2902","","330843","충청남도 천안시 동남구 목천읍 운전리 29번지","","","우정힐스컨트리클럽","20060306112854","I","2018-08-31 23:59:59.0","","","","골프장","사립","0","","","","","","",
"54","골프장","10_31_02_P","4490000","CDFH2302012006000001","20060817","","01","영업/정상","13","영업중","","","","","","","","충청남도 천안시 동남구 병천면 매성리 335-1번지 버드우드골프클럽","충청남도 천안시 동남구 병천면 매성2길 103, 버드우드골프클럽","31240","버드우드골프클럽","20200108141845","U","2020-01-10 02:40:00.0","","227860.734272","366855.871889","골프장","사립","1","1","1","9702.63","","","",
"55","골프장","10_31_02_P","4520000","CDFH2302011997000001","19970325","","01","영업/정상","13","영업중","","","","","542-4411","","336893","충청남도 아산시 선장면 신성리 113-8번지","충청남도 아산시 선장면 삼봉산길 188","","도고컨트리구락부","20140211153132","I","2018-08-31 23:59:59.0","","190151.966457","364069.969073","골프장","사립","0","","","","","","",
"56","골프장","10_31_02_P","4220000","CDFH2302012008000001","20081002","","01","영업/정상","13","영업중","","","","","","","","강원도 태백시 황지동 산 176-28","강원도 태백시 서학로 861 (황지동, 오투리조트)","26010","오투리조트 C.C","20210329134559","U","2021-03-31 02:40:00.0","","372751.048280605","409184.157758912","골프장","사립","0","","","","","","",
"57","골프장","10_31_02_P","4220000","CDFH2302012008000002","20081002","","01","영업/정상","13","영업중","","","","","","","","강원도 태백시 황지동 산 176-28","강원도 태백시 서학로 861 (황지동, 오투리조트)","26010","오투리조트 골프(대중제 18홀)","20210329134426","U","2021-03-31 02:40:00.0","","372751.048280605","409184.157758912","골프장","사립","0","","","","900","","",
"58","골프장","10_31_02_P","4680000","CDFH2302012011000002","20110330","","01","영업/정상","13","영업중","","","","","835-9956","","570330","전라북도 익산시 석암동 54-3번지","전라북도 익산시 석암로 207  (석암동)","","송산","20110616125822","I","2018-08-31 23:59:59.0","","201129.071894","271219.743595","골프장","사립","","","","","","","",
"59","골프장","10_31_02_P","4680000","CDFH2302012011000001","20110330","","01","영업/정상","13","영업중","","","","","835-9956","","570330","전라북도 익산시 석암동 54-3번지","전라북도 익산시 석암로 207  (석암동)","","(주)송산골프랜드","20110616125440","I","2018-08-31 23:59:59.0","","201129.071894","271219.743595","골프장","사립","","","","","","","",
"60","골프장","10_31_02_P","4680000","CDFH2302012007000001","20070222","","01","영업/정상","13","영업중","","","","","063-838-5066","","570973","전라북도 익산시 부송동 1095-1번지","전라북도 익산시 부송로 119  (부송동)","","태흥골프연습장","20070222092734","I","2018-08-31 23:59:59.0","","198981.894654","273550.487731","골프장","사립","0","","","","","","",
"61","골프장","10_31_02_P","4680000","CDFH2302011999000001","19990118","","01","영업/정상","13","영업중","","","","","835-2521","","570310","전라북도 익산시 덕기동 산 226-1번지","","","익산컨트리클럽","20040216141153","I","2018-08-31 23:59:59.0","","","","골프장","사립","0","","","","","","",
"62","골프장","10_31_02_P","3170000","CDFH2302012007000002","20070329","","01","영업/정상","13","영업중","","","","","","","153030","서울특별시 금천구 시흥동 5-13","서울특별시 금천구 독산로50길 89 (시흥동)","153030","뉴금천휘트니스 3","20111030153258","I","2018-08-31 23:59:59.0","","191919.012705941","440127.175851359","골프장","사립","0","","","","","","",
"63","골프장","10_31_02_P","3170000","CDFH2302012007000001","20070813","","01","영업/정상","13","영업중","","","","","","","151050","서울특별시 관악구 봉천동 1723번지 반석 푸른숲 101동 1203호","","","sbs 스크린 골프클럽","20070827133336","I","2018-08-31 23:59:59.0","","","","골프장","사립","0","","","","","","",
"64","골프장","10_31_02_P","4280000","CDFH2302011998000002","19980714","","01","영업/정상","13","영업중","","","","","","","232923","강원도 평창군 봉평면 무이리 산 268번지","","","휘닉스파크대중골프장","20030624175038","I","2018-08-31 23:59:59.0","","316302.298858","454121.600824","골프장","사립","1","2","","","","","",
"65","골프장","10_31_02_P","4280000","CDFH2302011998000001","19980824","","01","영업/정상","13","영업중","","","","","","","232922","강원도 평창군 봉평면 면온리 산 249번지","","","휘닉스파크골프장(회원제)","20030624175215","I","2018-08-31 23:59:59.0","","","","골프장","사립","1","2","","","","","",
"66","골프장","10_31_02_P","5700000","CDFH2302012021000001","20210416","","01","영업/정상","13","영업중","","","","","","","","경기도 여주시 북내면 중암리 102","경기도 여주시 북내면 중암1길 36","","ROUTE 52CC","20210416175437","I","2021-04-18 00:22:58.0","","263678.146793906","427802.323867551","골프장","사립","Y","1","","7997.24","","","",
"67","골프장","10_31_02_P","5670000","CDFH2302011991200001","19911108","","01","영업/정상","13","영업중","","","","","","","645510","경상남도 창원시 진해구 용원동 산 39","","","용원컨트리클럽","20100705144457","I","2021-07-02 00:23:01.0","","366135.014941145","180601.036123049","골프장","사립","0","","","7880.47","","","",
"68","골프장","10_31_02_P","4050000","CDFH2302012020000001","20200925","","01","영업/정상","13","영업중","","","","","","","","경기도 용인시 처인구 이동읍 서리 산 70-3 세현cc","경기도 용인시 처인구 이동읍 백자로 450, 세현cc","","주식회사 세현cc","20200925140724","I","2020-09-27 00:23:11.0","","216715.679346789","409536.272814407","골프장","사립","Y","1","","","","","",
"69","골프장","10_31_02_P","4160000","CDFH2302012018000001","20180914","","01","영업/정상","13","영업중","","","","","","","","경기도 가평군 가평읍 승안리 산 176 가평베뉴지골프장","경기도 가평군 가평읍 용추로171번길 100, 가평베뉴지골프장","12408","베뉴지CC","20210402172812","U","2021-04-04 02:40:00.0","","241454.072979655","482865.422495348","골프장","사립","","1","9","11016.06","","","",
"70","골프장","10_31_02_P","4060000","CDFH2302012015000001","20150331","","01","영업/정상","13","영업중","","","","","","","","경기도 파주시 법원읍 웅담리 산 121-6번지","경기도 파주시 법원읍 술이홀로 1803","10806","타이거CC 골프장","20191209214933","U","2019-12-11 02:40:00.0","","190604.483343728","491051.48554289","골프장","사립","Y","1","3","7715.42","0","","",
"71","골프장","10_31_02_P","4060000","CDFH2302012011000002","20111216","","01","영업/정상","13","영업중","","","","","031-941-4277","","","경기도 파주시 광탄면 기산리 664-6번지 노스팜 컨트리클럽","경기도 파주시 광탄면 쇠장이길 265, 노스팜 컨트리클럽","10953","노스팜 컨트리클럽","20180830170318","I","2018-08-31 23:59:59.0","","191785.831604343","476160.64213177","골프장","사립","Y","1","8","8509.13","","","",
"72","골프장","10_31_02_P","4060000","CDFH2302012011000001","20111102","","01","영업/정상","13","영업중","","","","","031-958-5961","","","경기도 파주시 법원읍 삼방리 521번지","경기도 파주시 법원읍 보광로 1616","10829","스마트KU 골프 파빌리온","20191021180127","U","2019-10-23 02:40:00.0","","189117.806316199","480173.228295745","골프장","사립","Y","1","4","11155.28","","","",
"73","골프장","10_31_02_P","4060000","CDFH2302012010000001","20101220","","01","영업/정상","13","영업중","","","","","","","","경기도 파주시 법원읍 갈곡리 360","경기도 파주시 법원읍 화합로 306","10807","(주) 파주컨트리클럽","20200914164355","U","2020-09-16 02:40:00.0","","191472.383494488","482350.739733783","골프장","사립","Y","1","7","11159.29","","","",
"74","골프장","10_31_02_P","4060000","CDFH2302012009000001","20090527","","01","영업/정상","13","영업중","","","","","031-950-7700","","413853","경기도 파주시 광탄면 분수리 1-1번지","경기도 파주시 광탄면 장지산로200번길 32-41","","(주)베스트밸리골프클럽","20170807101001","I","2018-08-31 23:59:59.0","","189675.349858236","472703.203594744","골프장","사립","Y","","7","3262.18","","","",
"75","골프장","10_31_02_P","4060000","CDFH2302012008000001","20080530","","01","영업/정상","13","영업중","","","","","","","413825","경기도 파주시 조리읍 장곡리 47-1","경기도 파주시 조리읍 장곡로 100","","파주 J-Public 골프장","20210421165636","U","2021-04-23 02:40:00.0","","186403.240447222","471942.044802885","골프장","사립","0","","","1957.36","","","",
"76","골프장","10_31_02_P","4060000","CDFH2302012004000001","20040427","","01","영업/정상","13","영업중","","","","","","","413852","경기도 파주시 광탄면 발랑리 123-1번지","경기도 파주시 광탄면 서원길 333","413852","서원밸리 대중골프장","20160624160131","I","2018-08-31 23:59:59.0","","190925.28431765","479931.786057688","골프장","사립","0","","","4938.75","","","",
"77","골프장","10_31_02_P","4060000","CDFH2302012003000002","20030429","","01","영업/정상","13","영업중","","","","","940-9553,9500","","","경기도 파주시 광탄면 발랑리 123-1번지 서원밸리G.C클럽","경기도 파주시 광탄면 서원길 333, 서원밸리G.C클럽","10830","서원밸리골프클럽","20190515140819","U","2019-05-17 02:40:00.0","","190925.28431765","479931.786057688","골프장","사립","0","","","9254.6","","","",
"78","골프장","10_31_02_P","4060000","CDFH2302012003000001","20030429","","01","영업/정상","13","영업중","","","","","943-0040","","413855","경기도 파주시 광탄면 용미리 산 79-1번지","경기도 파주시 광탄면 혜음로 324","","호반서서울 주식회사","20190614085624","U","2019-06-16 02:40:00.0","","191287.781664501","470109.993273135","골프장","사립","0","","","7236.15","","","",
"79","골프장","10_31_02_P","3920000","CDFH2302011999000001","19990317","","01","영업/정상","13","영업중","","","","","","","","경기도 동두천시 하봉암동 산 33-1번지","경기도 동두천시 평화로 3202 (하봉암동)","11306","제이레저(주) 티클라우드컨트리클럽","20200409112917","U","2020-04-11 02:40:00.0","","207645.739355564","495913.369287004","골프장","사립","1","1","1","6979","","","",
"80","골프장","10_31_02_P","4290000","CDFH2302012005000001","20050630","","01","영업/정상","13","영업중","","","","","590-7700","","233811","강원도 정선군 고한읍 고한리 산 1-166번지","","","강원랜드골프클럽","20090430104351","I","2018-08-31 23:59:59.0","","363467.035697083","409883.537300068","골프장","사립","0","","","","","","",
"81","골프장","10_31_02_P","3350000","CDFH2302011996000001","19960501","","01","영업/정상","13","영업중","","","","","509-0707","","609360","부산광역시 금정구 노포동 368번지","부산광역시 금정구 중앙대로2327번길 112  (노포동)","","부산칸트리클럽","20040421133616","I","2018-08-31 23:59:59.0","","390364.922976758","201886.659400079","골프장","사립","0","1","","","","","",
"82","골프장","10_31_02_P","4930000","CDFH2302012021000001","20210820","","01","영업/정상","13","영업중","","","","","0615378204","","","전라남도 해남군 산이면 구성리 572-1","전라남도 해남군 산이면 산이로 2247","","솔라시도 컨트리클럽","20210820113432","I","2021-08-24 00:22:50.0","","143836.424682","134411.24081","골프장","사립","","1","8","8288.79","0","","",
"83","골프장","10_31_02_P","5530000","CDFH2302012009000001","20090115","","01","영업/정상","13","영업중","","","","","","","","경기도 화성시 마도면 고모리 625-2 LINK LINE G.C 클럽하우스","경기도 화성시 마도면 해운로630번길 49, LINK LINE G.C 클럽하우스","18544","링크나인골프클럽","20181016104919","I","2020-08-05 00:23:26.0","","178106.049622798","407750.209995288","골프장","사립","0","","","3041.88","","","",
"84","골프장","10_31_02_P","5530000","CDFH2302012008000001","20081010","","01","영업/정상","13","영업중","","","","","031-369-8921","","","경기도 화성시 남양읍 북양리 172-7","경기도 화성시 남양읍 화성로 1393-27","18254","화성골프클럽","20181016104816","I","2020-08-05 00:23:26.0","","185405.394928604","413822.922759844","골프장","사립","1","","","","","","",
"85","골프장","10_31_02_P","5530000","CDFH2302012006000001","20061101","","01","영업/정상","13","영업중","","","","","","","","경기도 화성시 중동 산 170","경기도 화성시 풀무골로60번길 80 (중동)","18465","화성 상록 G.C","20210803141538","U","2021-08-05 02:40:00.0","","211850.35727400000","410860.65017700000","골프장","사립","0","","","22811.16","","","",
"86","골프장","10_31_02_P","5530000","CDFH2302011996000001","19961204","","01","영업/정상","13","영업중","","","","","031-352-7150","","","경기도 화성시 정남면 보통리 141-39","경기도 화성시 정남면 세자로 286","18516","(주)라비돌 라비돌컨트리클럽","20190515135626","I","2020-08-05 00:23:26.0","","198449.906260848","409841.049535703","골프장","사립","1","","","1216","","","",
"87","골프장","10_31_02_P","5530000","CDFH2302011992000002","19920804","","01","영업/정상","13","영업중","","","","","031-352-5061","","445971","경기도 화성시 팔탄면 해창리 256-5","경기도 화성시 팔탄면 3.1만세로 641-28","445971","신창기업(주)발리오스컨트리클럽(대중제)","20150402104719","I","2020-08-05 00:23:26.0","","188025.935818","401076.705615","골프장","사립","1","","","82.93","","","",
"88","골프장","10_31_02_P","5530000","CDFH2302011992000001","19920804","","01","영업/정상","13","영업중","","","","","","","445959","경기도 화성시 팔탄면 해창리 256-5","경기도 화성시 팔탄면 3.1만세로 641-28","445959","신창기업(주)발리오스컨트리클럽(회원제)","20190121093039","I","2020-08-05 00:23:26.0","","188025.935818","401076.705615","골프장","사립","1","","","11410.48","","","",
"89","골프장","10_31_02_P","5530000","CDFH2302011991000001","19910803","","01","영업/정상","13","영업중","","","","","031-376-4001","","","경기도 화성시 신동 50-1","경기도 화성시 풀무골로106번길 244 (신동)","18465","삼남개발(주) 기흥컨트리클럽","20201208113937","U","2020-12-10 02:40:00.0","","212868.315594927","409927.714498996","골프장","사립","1","","","14811.86","","","",
"90","골프장","10_31_02_P","5530000","CDFH2302011972000001","19720229","","01","영업/정상","13","영업중","","","","","031-376-6711","","","경기도 화성시 청계동 510-385 리베라CC클럽하우스","경기도 화성시 중리길 183, 리베라CC클럽하우스 (청계동)","18482","(주)관악 리베라컨트리클럽","20181016104608","I","2020-08-05 00:23:26.0","","209874.109397587","409907.066542863","골프장","사립","1","1","","1","3076","","",
"91","골프장","10_31_02_P","5600000","CDFH2302012020000002","20200703","","01","영업/정상","13","영업중","","","","","031-538-0613","","","경기도 포천시 이동면 연곡리 산 142-1","경기도 포천시 이동면 제비울2길 161","","라싸골프클럽","20201102170320","U","2020-11-04 02:40:00.0","","233519.314893777","498917.609364433","골프장","사립","","1","6","8274.33","","","",
"92","골프장","10_31_02_P","4070000","CDFH2302011998000001","19980621","","01","영업/정상","13","영업중","","","","","630-7500","","","경기도 이천시 모가면 두미리 419 뉴스프링C.C","경기도 이천시 모가면 사실로527번길 158, 뉴스프링빌C.C.","17406","뉴스프링빌골프장(대중제)","20210223103726","U","2021-02-25 02:40:00.0","","238263.44452947","405932.926652506","골프장","사립","Y","","8","1064.45","","","",
"93","골프장","10_31_02_P","4080000","CDFH2302011999000003","19990603","","01","영업/정상","13","영업중","","","","","","","456862","경기도 안성시 금광면 삼흥리 산 1","경기도 안성시 금광면 삼흥로 660","","안성베네스트G.C","20210423141417","U","2021-04-25 02:40:00.0","","233676.547652626","391923.582757029","골프장","사립","","","","","","","",
"94","골프장","10_31_02_P","4080000","CDFH2302011999000002","19990212","","01","영업/정상","13","영업중","","","","","","","456921","경기도 안성시 고삼면 가유리 787-15번지","경기도 안성시 고삼면 개울말길 149","456921","신안컨트리클럽","20140129143013","I","2018-08-31 23:59:59.0","","222092.296516503","399663.486769086","골프장","사립","1","","","21988.96","1312","","",
"95","골프장","10_31_02_P","4080000","CDFH2302011992000001","19920407","","01","영업/정상","13","영업중","","","","","031-674-9111","","456891","경기도 안성시 죽산면 장계리 736번지","경기도 안성시 죽산면 장계길 134","456891","안성컨트리클럽","20120104152231","I","2018-08-31 23:59:59.0","","236024.616901894","393750.368440237","골프장","사립","1","","","8079.71","","","",
"96","골프장","10_31_02_P","4080000","CDFH2302012018000001","20180427","","01","영업/정상","13","영업중","","","","","","","","경기도 안성시 양성면 미산리 982","경기도 안성시 양성면 약산길 67-6","17500","루나힐스 안성 컨트리클럽","20210215122738","U","2021-02-17 02:40:00.0","","","","골프장","사립","Y","1","","9590.33","","","",
"97","골프장","10_31_02_P","4080000","CDFH2302012014000001","20140805","","01","영업/정상","13","영업중","","","","","070-8056-0700","","456873","경기도 안성시 보개면 북가현리 산 65-1번지","경기도 안성시 보개면 보삼로 302","","골프존카운티 안성H","20180801180338","I","2018-08-31 23:59:59.0","","229602.237071335","399377.061205741","골프장","사립","","1","","6844.27","","","",
"98","골프장","10_31_02_P","4080000","CDFH2302012011000004","20110504","","01","영업/정상","13","영업중","","","","","031-676-4555","","456932","경기도 안성시 양성면 노곡리 123번지","경기도 안성시 양성면 안성맞춤대로 2134-36","","마에스트로 CC","20180307110110","I","2018-08-31 23:59:59.0","","223418.702042103","400566.990837944","골프장","사립","Y","1","","13718.76","417","","",
"99","골프장","10_31_02_P","4020000","CDFH2302012001000001","20010716","","01","영업/정상","13","영업중","","","","","","","435737","경기도 군포시 부곡동 1","경기도 군포시 군포로 364 (부곡동)","435737","삼성물산(주)안양컨트리클럽","20210413091243","U","2021-04-15 02:40:00.0","","194950.116480648","426002.071892325","골프장","사립","Y","1","","17974.21","","","",
"100","골프장","10_31_02_P","4160000","CDFH2302012013000001","20130312","","01","영업/정상","13","영업중","","","","","","","","경기도 가평군 조종면 운악리 산 90 리앤리컨트리클럽","경기도 가평군 조종면 운악청계로 702-24, 리앤리컨트리클럽","12432","가평리조트 골프장","20201228141054","U","2020-12-30 02:40:00.0","","231991.302201567","485602.672319715","골프장","사립","Y","1","5","14446.96","","","",
"101","골프장","10_31_02_P","4160000","CDFH2302012005000001","20050823","","01","영업/정상","13","영업중","","","","","","","477851","경기도 가평군 설악면 방일리 산 90-2번지","경기도 가평군 설악면 유명로 961-34","477851","아난티클럽서울(주)","20180302170952","I","2018-08-31 23:59:59.0","","242397.921564933","457662.531300279","골프장","사립","1","","13","10099.92","1556","","",
"102","골프장","10_31_02_P","4160000","CDFH2302012004000003","20040924","","01","영업/정상","13","영업중","","","","","","","477823","경기도 가평군 상면 상동리 산 52","경기도 가평군 상면 둔덕말길 232","477823","가평베네스트G.C","20210412165732","U","2021-04-14 02:40:00.0","","226656.53269365","477303.07158774","골프장","사립","1","","7","","","","",
"103","골프장","10_31_02_P","4160000","CDFH2302012004000002","20040921","","01","영업/정상","13","영업중","","","","","","","","경기도 가평군 상면 항사리 산 36-2","경기도 가평군 상면 대보간선로 602-111 (크리스탈밸리)","12445","크리스탈밸리C.C","20201023144055","U","2020-10-25 02:40:00.0","","234301.294224952","476563.673216968","골프장","사립","1","","6","7059.42","","","",
"104","골프장","10_31_02_P","4160000","CDFH2302012002000001","20020410","","01","영업/정상","13","영업중","","","","","","","","경기도 가평군 설악면 이천리 산 2-1번지","경기도 가평군 설악면 다락재로 73-111 (청평마이다스골프클럽)","12459","청평마이다스골프클럽","20180425091318","I","2018-08-31 23:59:59.0","","240189.66203176","462459.267263591","골프장","사립","0","","","7826.04","310","","",
"105","골프장","10_31_02_P","4160000","CDFH2302011999000001","19990910","","01","영업/정상","13","영업중","","","","","031-585-7900-115","","","경기도 가평군 조종면 운악리 산 144-1","경기도 가평군 조종면 운악청계로 809 (썬힐골프클럽)","12432","썬힐G.C","20210419112821","U","2021-04-21 02:40:00.0","","231042.254563092","486176.227861485","골프장","사립","1","","8","8897","","","",
"106","골프장","10_31_02_P","4180000","CDFH2302012004000001","20041011","","01","영업/정상","13","영업중","","","","","","","200914","강원도 춘천시 남산면 서천리 산 35번지","","","제이드팰리스솔프클럽","20041011113318","I","2018-08-31 23:59:59.0","","","","골프장","사립","0","","","","","","",
"107","골프장","10_31_02_P","4190000","CDFH2302012001000001","20010602","","01","영업/정상","13","영업중","","","","","730-3500","","220821","강원도 원주시 지정면 월송리 산 171번지","","","오크밸리대중골프장","20030509165854","I","2018-08-31 23:59:59.0","","","","골프장","사립","0","","","","","","",
"108","골프장","10_31_02_P","4190000","CDFH2302011998000001","19980618","","01","영업/정상","13","영업중","","","","","730-3500","","220821","강원도 원주시 지정면 월송리 산 171번지","","","오크밸리골프장","20030509165647","I","2018-08-31 23:59:59.0","","","","골프장","사립","0","","","","","","",
"109","골프장","10_31_02_P","4190000","CDFH2302011996000001","19960531","","01","영업/정상","13","영업중","","","","","731-4811","","220833","강원도 원주시 소초면 수암리 산 24번지","","","파크밸리대중골프장","20030509165526","I","2018-08-31 23:59:59.0","","289836.41623767","432667.482486981","골프장","사립","0","","","","","","",
"110","골프장","10_31_02_P","4190000","CDFH2302011994000001","19940830","","01","영업/정상","13","영업중","","","","","732-3700","","220821","강원도 원주시 지정면 월송리 산 2-2번지","강원도 원주시 지정면 신평석화로 236","","동서울레스피아대중골프장","20030509170026","I","2018-08-31 23:59:59.0","","277724.209625765","433440.190760061","골프장","사립","0","","","","","","",
"111","골프장","10_31_02_P","5600000","CDFH2302012020000001","20200217","","01","영업/정상","13","영업중","","","","","","","","경기도 포천시 군내면 직두리 산 1-24","경기도 포천시 군내면 청군로 2856-93","11155","샴발라 컨트리클럽","20210721170113","U","2021-07-23 02:40:00.0","","","","골프장","사립","","1","1","2241.41","0","","",
"112","골프장","10_31_02_P","4070000","CDFH2302012020000001","20200219","","01","영업/정상","13","영업중","","","","","031-638-8374","","","경기도 이천시 호법면 단천리 63-1 클럽하우스","경기도 이천시 호법면 중부대로798번길 177, 클럽하우스","","더크로스비골프클럽","20210201162741","U","2021-02-03 02:40:00.0","","","","골프장","사립","Y","1","7","14789","","","",
"113","골프장","10_31_02_P","4940000","CDFH2302012019000001","20191031","","01","영업/정상","13","영업중","","","","","","","","전라남도 영암군 삼호읍 난전리 2156","전라남도 영암군 삼호읍 에프원로 121-1","","사우스링스영암 CC","20200806085131","U","2020-08-08 02:40:00.0","","","","골프장","사립","Y","2","2","5581.39","","","",
"114","골프장","10_31_02_P","3060000","CDFH2302012007000001","20070410","","01","영업/정상","13","영업중","","","","","3422-3394","","131846","서울특별시 중랑구 묵동 20번지 대림두산아파트 상가동 지하호","서울특별시 중랑구 신내로21길 16 (묵동)","131848","비전골프","20111030133922","I","2018-08-31 23:59:59.0","","207718.222107219","457174.958326298","골프장","사립","0","","","","","","",
"115","골프장","10_31_02_P","5540000","CDFH2302012000000001","20000627","","01","영업/정상","13","영업중","","","","","031-762-3114","","","경기도 광주시 곤지암읍 이선리 5-27번지","경기도 광주시 곤지암읍 내선길 176","12725","그린힐 컨트리클럽","20181205170429","U","2018-12-07 02:40:00.0","","237328","428835","골프장","사립","0","","","","","","",
"116","골프장","10_31_02_P","5540000","CDFH2302011997000001","19970508","","01","영업/정상","13","영업중","","","","","031-719-0300","","464020","경기도 광주시 목동 497-6","경기도 광주시 새말길 353 (목동)","464020","강남300 컨트리클럽","20210412170911","U","2021-04-14 02:40:00.0","","216019.924211526","431555.3234958","골프장","사립","0","","","7692.8","874","","",
"117","골프장","10_31_02_P","5540000","CDFH2302011994000001","19941224","","01","영업/정상","13","영업중","","","","","","","","경기도 광주시 곤지암읍 오향리 156-1","경기도 광주시 곤지암읍 오향길 180","12718","큐로CC","20210504091428","U","2021-05-06 02:40:00.0","","232884.228070359","430767.849456859","골프장","사립","0","","","9436.85","","","",
"118","골프장","10_31_02_P","5540000","CDFH2302011993000001","19931211","","01","영업/정상","13","영업중","","","","","031-760-3421","","","경기도 광주시 도척면 도웅리 210-2번지","경기도 광주시 도척면 도척윗로 280","12809","곤지암GC","20190704093220","U","2019-07-06 02:40:00.0","","226234.64672689","425778.035294562","골프장","사립","0","","","9663.27","","","",
"119","골프장","10_31_02_P","5540000","CDFH2302011987000002","19871020","","01","영업/정상","13","영업중","","","","","031-763-2752","","","경기도 광주시 곤지암읍 곤지암리 26-1","경기도 광주시 곤지암읍 경충대로 451 (중부컨트리클럽)","12812","중부컨트리클럽","20210829103114","U","2021-08-31 02:40:00.0","","231413.26336278","426069.669937548","골프장","사립","0","0","0","7119.51","0","","",
"120","골프장","10_31_02_P","5540000","CDFH2302011987000001","19871024","","01","영업/정상","13","영업중","","","","","760-8032","","464040","경기도 광주시 삼동 1","경기도 광주시 삼지곡길 95 (삼동)","464040","뉴서울컨트리클럽","20200716084920","U","2020-07-18 02:40:00.0","","218600.711275017","435382.862682242","골프장","사립","0","","","10000.02","","","",
"121","골프장","10_31_02_P","5540000","CDFH2302012001000001","20011030","","01","영업/정상","13","영업중","","","","","031-760-3806","","","경기도 광주시 곤지암읍 건업리 4-43번지","경기도 광주시 곤지암읍 건업길 195","12720","이스트밸리컨트리클럽","20200221132636","U","2020-02-23 02:40:00.0","","234098.24408438","433747.524922151","골프장","사립","0","","9","10436","675","","",
"122","골프장","10_31_02_P","5540000","CDFH2302012003000001","20031224","","01","영업/정상","13","영업중","","","","","769-0333","","464871","경기도 광주시 곤지암읍 이선리 510","경기도 광주시 곤지암읍 부항길 135-38","464870","남촌컨트리클럽","20210223174148","U","2021-02-25 02:40:00.0","","236969.520516597","427627.157417996","골프장","사립","0","","","6996.36","","","",
"123","골프장","10_31_02_P","3990000","CDFH2302012009000001","20091231","","01","영업/정상","13","영업중","","","","","","","472883","경기도 남양주시 오남읍 오남리 산 171-3번지","","","라미드관광주식회사","20110608092216","I","2018-08-31 23:59:59.0","","219005.668273776","464074.585410942","골프장","사립","","","","462.68","","","",
"124","골프장","10_31_02_P","3990000","CDFH2302012002000001","20021017","","01","영업/정상","13","영업중","","","","","031-528-7001","","","경기도 남양주시 진접읍 팔야리 산 1번지 광릉C.C","경기도 남양주시 진접읍 팔야로 280","12017","광릉레져개발(주)  광릉CC","20171206173803","I","2018-08-31 23:59:59.0","","221443.89939178","473369.925563908","골프장","사립","","","","4171.92","","","",
"125","골프장","10_31_02_P","3990000","CDFH2302012000000001","20000605","","01","영업/정상","13","영업중","","","","","595-3355","","472843","경기도 남양주시 화도읍 녹촌리 산 52-1번지","경기도 남양주시 화도읍 마치로 226-220","","비전힐스CC","20191120153559","U","2019-11-22 02:40:00.0","","223532.026482533","459920.729782903","골프장","사립","0","","","9955.32","","","",
"126","골프장","10_31_02_P","3990000","CDFH2302011997000001","19971015","","01","영업/정상","13","영업중","","","","","528-7001","","472868","경기도 남양주시 진접읍 팔야리 산 1번지","경기도 남양주시 진접읍 팔야로 280","","광릉레져개발(주) 광릉CC","20181204102606","U","2018-12-06 02:40:00.0","","221443.89939178","473369.925563908","골프장","사립","0","","","29433.73","","","",
"127","골프장","10_31_02_P","3780000","CDFH2302012003000001","20030317","","01","영업/정상","13","영업중","","","","","","","461210","경기도 성남시 수정구 창곡동 92-1번지","","","(재)한국군사문제연구원남성대쌍둥이골프연습장","20040916113940","I","2018-08-31 23:59:59.0","","212289.722661122","441032.374212547","골프장","사립","0","","","","","","",
"128","골프장","10_31_02_P","3780000","CDFH2302011971000001","19711021","","01","영업/정상","13","영업중","","","","","","","463420","경기도 성남시 분당구 백현동 511-25번지","경기도 성남시 분당구 안양판교로1201번길 1201 (판교동)","463410","경원건설(주)","20170911100436","I","2018-08-31 23:59:59.0","","207211.427645458","430913.982870615","골프장","사립","0","","","9484.03","","","",
"129","골프장","10_31_02_P","3990000","CDFH2302011990000002","19900329","","01","영업/정상","13","영업중","","","","","","","472847","경기도 남양주시 화도읍 차산리 산 111-1번지","경기도 남양주시 화도읍 재재기로190번길 26","472847","록인 컨트리클럽","20131223152536","I","2018-08-31 23:59:59.0","","226225.675155735","456804.753362742","골프장","사립","0","","","","","","",
"130","골프장","10_31_02_P","3990000","CDFH2302011990000001","19901226","","01","영업/정상","13","영업중","","","","","591-6065","","472842","경기도 남양주시 화도읍 금남리 300번지","경기도 남양주시 화도읍 북한강로 1525-52","","근영농산(주)양주컨트리클럽","20030517101627","I","2018-08-31 23:59:59.0","","231129.83070773","460166.914561971","골프장","사립","0","","","","","","",
"131","골프장","10_31_02_P","3990000","CDFH2302012007000002","20071130","","01","영업/정상","13","영업중","","","","","","","472847","경기도 남양주시 화도읍 차산리 산 111-0001번지","경기도 남양주시 화도읍 재재기로190번길 26","472848","해비치cc","20111030131740","I","2018-08-31 23:59:59.0","","226225.675155735","456804.753362742","골프장","사립","0","","","","","","",
"132","골프장","10_31_02_P","3990000","CDFH2302012007000001","20070319","","01","영업/정상","13","영업중","","","","","","","472847","경기도 남양주시 화도읍 차산리 산 111-1번지","경기도 남양주시 화도읍 재재기로190번길 26","472847","해비치 컨트리클럽","20200319131106","U","2020-03-21 02:40:00.0","","226225.675155735","456804.753362742","골프장","사립","0","","","19278","","","",
"133","골프장","10_31_02_P","4090000","CDFH2302011995000001","19951018","","01","영업/정상","13","영업중","","","","","031-987-9992","","415877","경기도 김포시 월곶면 포내리 220-6","경기도 김포시 월곶면 김포대로2081번길 219","415870","김포 SEASIDE 컨트리클럽","20200911113450","U","2020-09-13 02:40:00.0","","158837.769766282","467343.826690948","골프장","사립","1","","3","7153.53","1200","","",
"134","골프장","10_31_02_P","3930000","CDFH2302012013000001","20130123","","01","영업/정상","13","영업중","","","","","032-884-1004","","","경기도 안산시 단원구 대부남동 1369번지 아일랜드CC","경기도 안산시 단원구 대선로 466 (대부남동)","15647","아일랜드(주)","20190806104445","U","2019-08-08 02:40:00.0","","161130.171259208","414415.707045963","골프장","사립","","1","","10585.76","","","",
"135","골프장","10_31_02_P","3930000","CDFH2302012012000001","20120702","","01","영업/정상","13","영업중","","","","","032-885-1004","","425340","경기도 안산시 단원구 대부남동 1111번지","","","아일랜드컨트리클럽","20120702084526","I","2018-08-31 23:59:59.0","","161295.945464725","414683.378617015","골프장","사립","","","","","","","",
"136","골프장","10_31_02_P","3930000","CDFH2302011986000001","19860901","","01","영업/정상","13","영업중","","","","","400-2500","","426819","경기도 안산시 상록구 부곡동 587번지","경기도 안산시 상록구 태마당로 28  (부곡동)","","제일C.C","20030321112347","I","2018-08-31 23:59:59.0","","188207.367078952","424931.170599678","골프장","사립","0","2","","","","","",
"137","골프장","10_31_02_P","4080000","CDFH2302012011000001","20110129","","01","영업/정상","13","영업중","","","","","","","","","경기도 안성시 죽산면 녹배길 175","17521","에덴블루 컨트리클럽","20160328133849","I","2018-08-31 23:59:59.0","","234155","395880","골프장","사립","","1","","18269.44","","","",
"138","골프장","10_31_02_P","4080000","CDFH2302012010000001","20100219","","01","영업/정상","13","영업중","","","","","","","","경기도 안성시 죽산면 장계리 711","경기도 안성시 죽산면 장계길 20-229","17522","골프클럽  Q","20210312133941","U","2021-03-14 02:40:00.0","","235146.428783204","394179.710634769","골프장","사립","Y","1","","10123","1025","","",
"139","골프장","10_31_02_P","4080000","CDFH2302012008000001","20080522","","01","영업/정상","13","영업중","","","","","031-674-0139","","456931","경기도 안성시 양성면 동항리 25-1","경기도 안성시 양성면 교동길 19-70","456931","골프존카운티 안성W","20210625135531","U","2021-06-27 02:40:00.0","","217082.111282697","397060.052750996","골프장","사립","0","","","5606.68","","","",
"140","골프장","10_31_02_P","4080000","CDFH2302012007000001","20070612","","01","영업/정상","13","영업중","","","","","","","","경기도 안성시 서운면 오촌리 173-4","경기도 안성시 서운면 오촌길 97-31","17606","윈체스트 골프클럽 대중","20210308162805","U","2021-03-10 02:40:00.0","","225727.989679107","384397.939230202","골프장","사립","0","","","8612.75","542","","",
"141","골프장","10_31_02_P","4080000","CDFH2302012002000001","20021125","","01","영업/정상","13","영업중","","","","","","","456921","경기도 안성시 고삼면 가유리 787-15번지","경기도 안성시 고삼면 개울말길 149","456921","신안 퍼블릭 CC","20160622144333","I","2018-08-31 23:59:59.0","","222092.296516503","399663.486769086","골프장","사립","1","","","4155","","","",
"142","골프장","10_31_02_P","4080000","CDFH2302012001000001","20010504","","01","영업/정상","13","영업중","","","","","031-674-8350","","456931","경기도 안성시 양성면 산정리 산 5-1","경기도 안성시 양성면 양성로 349-61","456931","한림안성","20210325173308","U","2021-03-27 02:40:00.0","","217785","398203","골프장","사립","0","","","","","","",
"143","골프장","10_31_02_P","4080000","CDFH2302012000000003","20000612","","01","영업/정상","13","영업중","","","","","031-672-0071","","456932","경기도 안성시 양성면 노곡리 701-3번지","경기도 안성시 양성면 안성맞춤대로 2417-13","456932","파인크리크C.C","20180612112500","I","2018-08-31 23:59:59.0","","220738.908110768","400217.447854726","골프장","사립","","1","","7034.39","","","",
"144","골프장","10_31_02_P","4080000","CDFH2302012000000001","20000928","","01","영업/정상","13","영업중","","","","","031-670-0703","","456862","경기도 안성시 금광면 삼흥리 산 1","경기도 안성시 금광면 삼흥로 660","456862","안성베네스트골프클럽 일반대중홀","20210423143739","U","2021-04-25 02:40:00.0","","233676.547652626","391923.582757029","골프장","사립","1","","","","","","",
"145","골프장","10_31_02_P","5220000","CDFH2302011993000001","19930317","","01","영업/정상","13","영업중","","","","","","","718803","경상북도 칠곡군 왜관읍 매원리 295-1번지","경상북도 칠곡군 왜관읍 봉계로 263","","(주)한길 파미힐스 컨트리클럽","20060831160154","I","2018-08-31 23:59:59.0","","330141.106811826","278840.106760292","골프장","사립","0","","14","10634.38","","","",
"146","골프장","10_31_02_P","4880000","CDFH2302012019000001","20191021","","01","영업/정상","13","영업중","","","","","","","","전라남도 고흥군 두원면 신송리 15-2번지 골프연습장","전라남도 고흥군 두원면 동신마전길 70, 골프연습장","","고흥골프장","20200211170232","U","2020-02-13 02:40:00.0","","226574.251124","126115.332318","골프장","사립","","","","90","","","",
"147","골프장","10_31_02_P","3150000","CDFH2302012019000001","20191024","","01","영업/정상","13","영업중","","","","","02-6395-8714","","","서울특별시 강서구 오곡동 1-6번지 인서울27골프클럽","서울특별시 강서구 오정로 443-198, 인서울27골프클럽 (오곡동)","","인서울27골프클럽","20191113161605","U","2019-11-15 02:40:00.0","","181682.433518522","449387.865380491","골프장","사립","","1","4","5571.31","","","",
"148","골프장","10_31_02_P","4010000","CDFH2302012015000001","20151027","","01","영업/정상","13","영업중","","","","","","","","경기도 시흥시 거모동 121-1번지","경기도 시흥시 마전로 307 (거모동, 시흥아세코밸리골프장)","15003","아세코밸리 골프클럽","20170331092104","I","2018-08-31 23:59:59.0","","179685","429530","골프장","사립","","1","1","2129","","","",
"149","골프장","10_31_02_P","4010000","CDFH2302012014000001","20140207","","01","영업/정상","13","영업중","","","","","","","429842","경기도 시흥시 장곡동 724-2","경기도 시흥시 마유로 987 (장곡동)","","솔트베이(Salt Bay) 골프클럽","20200915145737","U","2020-09-17 02:40:00.0","","180430","431957","골프장","사립","","3","5","9238.72","","","",
"150","골프장","10_31_02_P","5050000","CDFH2302011999000002","19990701","","01","영업/정상","13","영업중","","","","","054-771-0900","","780843","경상북도 경주시 양남면 신대리 산 140-1번지","","","마우나오션 C.C(회원제)","20060405142158","I","2018-08-31 23:59:59.0","","414744.484238984","245720.536009823","골프장","사립","0","","5","5592.12","","","",
"151","골프장","10_31_02_P","5050000","CDFH2302011999000001","19991220","","01","영업/정상","13","영업중","","","","","740-5161","","780410","경상북도 경주시 마동 111-1번지","","","코오롱가든골프장","20060324213128","I","2018-08-31 23:59:59.0","","409841.98876934","256679.798847867","골프장","사립","0","","","","","","",
"152","골프장","10_31_02_P","5050000","CDFH2302012006000001","20060316","","01","영업/정상","13","영업중","","","","","054-777-9000","","780833","경상북도 경주시 감포읍 나정리 산 47번지","","","제이스C.C 시사이드","20060406135922","I","2018-08-31 23:59:59.0","","","","골프장","사립","1","3","3","7523.5","","","",
"153","골프장","10_31_02_P","5050000","CDFH2302012005000001","20051223","","01","영업/정상","13","영업중","","","","","054-773-7000","","780823","경상북도 경주시 외동읍 석계리 산 1번지","","","서라벌골프클럽(정규, 일반)","20060406135430","I","2018-08-31 23:59:59.0","","405792.334334807","246050.850701151","골프장","사립","1","3","5","10396.21","","","",
"154","골프장","10_31_02_P","5050000","CDFH2302012001000001","20010705","","01","영업/정상","13","영업중","","","","","054-740-7114","","780290","경상북도 경주시 신평동 산 5번지","","","(주)경주신라C.C(회원제)","20060324210526","I","2018-08-31 23:59:59.0","","","","골프장","사립","0","","","","","","",
"155","골프장","10_31_02_P","5050000","CDFH2302012000000001","20001109","","01","영업/정상","13","영업중","","","","","054-748-8100","","780280","경상북도 경주시 북군동 375-1번지","경상북도 경주시 보문로 182-98 (북군동)","780280","경주컨트리클럽","20111030132521","I","2018-08-31 23:59:59.0","","404233.772715983","264961.135288542","골프장","사립","0","","","","","","",
"156","골프장","10_31_02_P","5050000","CDFH2302011987000001","19871021","","01","영업/정상","13","영업중","","","","","054-745-1680","","780290","경상북도 경주시 신평동 375번지","","","경주 보문컨트리(대중제)","20060405140854","I","2018-08-31 23:59:59.0","","406456.088092957","262710.907303337","골프장","사립","1","2","","7460.41","","","",
"157","골프장","10_31_02_P","5570000","CDFH2302012019000001","20190731","","01","영업/정상","13","영업중","","","","","","","","충청북도 증평군 도안면 연촌리 산 58 클럽하우스","충청북도 증평군 도안면 벼루재길 334, 클럽하우스","","(주)블랙스톤에듀팜리조트 골프장","20210817095019","U","2021-08-19 02:40:00.0","","251993.205064","371691.657376","골프장","사립","","1","1","6191","","","",
"158","골프장","10_31_02_P","5690000","CDFH2302012019000001","20190906","","01","영업/정상","13","영업중","","","","","","","","세종특별자치시 전의면 달전리 산 72","세종특별자치시 전의면 의당전의로 252","30007","세종레이캐슬 골프&리조트","20200811173254","U","2020-08-13 02:40:00.0","","216871.402956429","346178.479242744","골프장","사립","Y","1","8","18416.39","","","",
"159","골프장","10_31_02_P","6520000","CDFH2302011999100001","19990115","","01","영업/정상","13","영업중","","","","","064-793-5007","","699921","제주특별자치도 서귀포시 안덕면 상천리 산 62-3번지","제주특별자치도 서귀포시 안덕면 산록남로 863","","핀크스 골프클럽","20120207105534","I","2018-08-31 23:59:59.0","","142871.390311","-19869.2344381","골프장","사립","0","","","","","","",
"160","골프장","10_31_02_P","6520000","CDFH2302011995100001","19950301","","01","영업/정상","13","영업중","","","","","","","699921","제주특별자치도 서귀포시 안덕면 광평리 산 125번지","","","파라다이스골프장","20030308111527","I","2018-08-31 23:59:59.0","","","","골프장","사립","0","","","5000","","","",
"161","골프장","10_31_02_P","3940000","CDFH2302012015000001","20150427","","01","영업/정상","13","영업중","","","","","","","412040","경기도 고양시 덕양구 원흥동 528-37번지","","","한양컨트리클럽 대중제 9홀 골프장","20180806090117","I","2018-08-31 23:59:59.0","","188563.687493571","461496.092195912","골프장","사립","","","","4333.57","","","",
"162","골프장","10_31_02_P","3940000","CDFH2302012008000001","20081202","","01","영업/정상","13","영업중","","","","","","","410340","경기도 고양시 일산동구 산황동 산 54번지","","","일산스프링힐스 컨트리클럽","20100315204956","I","2018-08-31 23:59:59.0","","","","골프장","사립","0","","1","3593.31","","","",
"163","골프장","10_31_02_P","3940000","CDFH2302011991000001","19910328","","01","영업/정상","13","영업중","","","","","02-359-0123","","412090","경기도 고양시 덕양구 동산동 53-124번지","경기도 고양시 덕양구 통일로 43-168  (동산동)","","1.2.3","20081118175203","I","2018-08-31 23:59:59.0","","191644.061203511","459839.590466714","골프장","사립","0","","","2188","","","",
"164","골프장","10_31_02_P","3940000","CDFH2302011990000001","19900904","","01","영업/정상","13","영업중","","","","","031-962-0101","","412510","경기도 고양시 덕양구 벽제동 465번지","경기도 고양시 덕양구 혜음로 301  (벽제동)","","올림픽 골프장","20170501153936","I","2018-08-31 23:59:59.0","","190776.247464607","468767.750001127","골프장","사립","0","","","3231.25","","","",
"165","골프장","10_31_02_P","3940000","CDFH2302011974000001","19740320","","01","영업/정상","13","영업중","","","","","02-353-0091","","412070","경기도 고양시 덕양구 신원동 227-12","경기도 고양시 덕양구 통일로 375  (신원동)","","뉴코리아 컨트리클럽","20201015161505","U","2020-10-17 02:40:00.0","","189161.691345477","462529.533843777","골프장","사립","0","","","4719.51","","","",
"166","골프장","10_31_02_P","3940000","CDFH2302011967000001","19640928","","01","영업/정상","13","영업중","","","","","031-969-0810","","412030","경기도 고양시 덕양구 원당동 198-114번지","경기도 고양시 덕양구 고양대로1643번길 164  (원당동)","","한양컨트리클럽","20191023163050","U","2019-10-25 02:40:00.0","","187096.075079066","461590.52649613","골프장","사립","0","","","10225.53","","","",
"167","골프장","10_31_02_P","3940000","CDFH2302012011000001","20110908","","01","영업/정상","13","영업중","","","","","031-964-8868","","412060","경기도 고양시 덕양구 도내동 457-1번지","경기도 고양시 덕양구 흥도로 304-23  (도내동)","","고양컨트리클럽","20180706090202","I","2018-08-31 23:59:59.0","","187432","459385","골프장","사립","","","","3790.52","","","",
"168","골프장","10_31_02_P","3940000","CDFH2302012010000001","20100323","","01","영업/정상","13","영업중","","","","","031-969-2000","","410340","경기도 고양시 일산동구 산황동 산 54번지 일원","","","일산스프링힐스 컨트리클럽","20100323095342","I","2018-08-31 23:59:59.0","","","","골프장","사립","","","","3670.61","","","",
"169","골프장","10_31_02_P","4810000","CDFH2302012011000001","20110225","","01","영업/정상","13","영업중","","","","","061-808-8011","","","전라남도 여수시 둔덕동 286-8번지 (주)여수관광레저","전라남도 여수시 좌수영로 641 (주)여수관광레저 (둔덕동)","59635","(주)여수관광레저","20191217104015","U","2019-12-19 02:40:00.0","","263300.377033","142492.612447","골프장","사립","Y","1","","7180","","","",
"170","골프장","10_31_02_P","4700000","CDFH2302012014000001","20141014","","01","영업/정상","13","영업중","","","","","","","590972","전라북도 남원시 대산면 대곡리 산 106번지","전라북도 남원시 대산면 월계길 11","590972","남원상록골프장","20141014163833","I","2018-08-31 23:59:59.0","","226986.04672100000","213417.12473500000","골프장","사립","Y","1","","4647","","","",
"171","골프장","10_31_02_P","5700000","CDFH2302011975000001","19751028","","01","영업/정상","13","영업중","","","","","883-7000","","469109","경기도 여주시 월송동 35-10","경기도 여주시 월평로 78 (월송동)","469109","여주컨트리클럽","20210223081423","U","2021-02-25 02:40:00.0","","253695.91332900000","420494.85406000000","골프장","사립","1","","","6472.26","2674","","",
"172","골프장","10_31_02_P","4040000","CDFH2302012002000001","20021218","","01","영업/정상","13","영업중","","","","","02-480-5660","","465200","경기도 하남시 감이동 260-1","경기도 하남시 감이로 317 (감이동)","465200","(주)캐슬렉스서울 캐슬렉스골프클럽","20201008174951","U","2020-10-10 02:40:00.0","","214707.353538017","443992.017408014","골프장","사립","0","","13","6788.21","","","",
"173","골프장","10_31_02_P","5700000","CDFH2302011992000004","19920814","","01","영업/정상","13","영업중","","","","","884-9950","","469708","경기도 여주시 가남읍 본두리 1-2번지","경기도 여주시 가남읍 여주남로 541","469708","금강컨트리클럽","20160802092120","I","2018-08-31 23:59:59.0","","252634.22400982","415975.772113025","골프장","사립","1","","","9162.5","","","",
"174","골프장","10_31_02_P","5700000","CDFH2302011992000003","19920309","","01","영업/정상","13","영업중","","","","","884-0701","","469841","경기도 여주시 대신면 상구리 산 11-1","경기도 여주시 대신면 고달사로 67","469841","블루헤런G.C","20210819172608","U","2021-08-21 02:40:00.0","","257360.46430655","431875.808228529","골프장","사립","1","0","0","7891.34","0","","",
"175","골프장","10_31_02_P","5700000","CDFH2302011992000002","19920221","","01","영업/정상","13","영업중","","","","","886-8100","","469832","경기도 여주시 금사면 장흥리 산 1","경기도 여주시 금사면 장흥로 416","469832","이포골프장","20210108133344","U","2021-01-10 02:40:00.0","","243766.950517115","431874.785758946","골프장","사립","1","","","7128.98","","","",
"176","골프장","10_31_02_P","5700000","CDFH2302011992000001","19920131","","01","영업/정상","13","영업중","","","","","884-7000","","469883","경기도 여주시 가남읍 양귀리 산 69번지","경기도 여주시 가남읍 솔모로그린길 171","","솔모로골프장","20190419131444","U","2019-04-21 02:40:00.0","","251743.990723393","410088.349032993","골프장","사립","1","","","18085","2120","","",
"177","골프장","10_31_02_P","4140000","CDFH2302012008000001","20080423","","01","영업/정상","13","영업중","","","","","1577-3510","","486909","경기도 연천군 전곡읍 고능리 101번지","","","노스폴 컨트리클럽","20131230104058","I","2018-08-31 23:59:59.0","","204071.069684381","499898.458297252","골프장","사립","0","","","","","","",
"178","골프장","10_31_02_P","4140000","CDFH2302012016000001","20160818","","01","영업/정상","13","영업중","","","","","031-832-7022","","","","경기도 연천군 백학면 노아로297번길 179-55","","자유로컨트리클럽","20180907180036","U","2018-09-07 23:59:59.0","","195863","499419","골프장","사립","Y","1","6","10820.97","","","",
"179","골프장","10_31_02_P","5590000","CDFH2302012014000001","20140221","","01","영업/정상","13","영업중","","","","","","","","","경기도 양주시 만송로 244 (만송동)","11494","로얄개발(주) 레이크우드 골프장","20210217084429","U","2021-02-19 02:40:00.0","","207666.870394211","475512.035117671","골프장","사립","Y","","","194.29","","","",
"180","골프장","10_31_02_P","5590000","CDFH2302011995000001","19950624","","01","영업/정상","13","영업중","","","","","","","482845","경기도 양주시 광적면 비암리 산 23-1","경기도 양주시 광적면 쇠장이길 435","482845","(주)티에스개발 송추컨트리클럽","20210324084810","U","2021-03-26 02:40:00.0","","192100.337744514","477127.820905632","골프장","사립","0","","12","7734","","","",
"181","골프장","10_31_02_P","5590000","CDFH2302011976000001","19760518","","01","영업/정상","13","영업중","","","","","820-1515","","482080","경기도 양주시 만송동 514-1","경기도 양주시 만송로 244  (만송동)","","로얄개발(주) 레이크우드 골프장","20210217084418","U","2021-02-19 02:40:00.0","","207672.757007897","475762.694476609","골프장","사립","0","","10","5438.53","","","",
"182","골프장","10_31_02_P","5700000","CDFH2302012006000002","20060929","","01","영업/정상","13","영업중","","","","","","","469872","경기도 여주시 점동면 현수리 산 13번지","경기도 여주시 점동면 소피아그린길 84","469872","소피아그린","20190320133115","U","2019-03-22 02:40:00.0","","262558.481893985","408776.863112327","골프장","사립","1","","","8606.64","","","",
"183","골프장","10_31_02_P","5700000","CDFH2302012006000001","20060303","","01","영업/정상","13","영업중","","","","","882-5050","","469882","경기도 여주시 가남읍 송림리 214번지","경기도 여주시 가남읍 송삼로 191","469882","빅토리아일반대중골프장","20200316180546","U","2020-03-18 02:40:00.0","","255888.924654415","408779.202610406","골프장","사립","1","","8","2213.15","","","",
"184","골프장","10_31_02_P","5700000","CDFH2302012004000001","20040226","","01","영업/정상","13","영업중","","","","","031-880-8656","","469863","경기도 여주시 강천면 부평리 산 47-1번지","경기도 여주시 강천면 부평로 580","","캐슬파인리조트주식회사","20150918145646","I","2018-08-31 23:59:59.0","","265715.966689761","423073.42355792","골프장","사립","0","","","7152.94","","","",
"185","골프장","10_31_02_P","5700000","CDFH2302012003000001","20030621","","01","영업/정상","13","영업중","","","","","","","469892","경기도 여주시 산북면 상품리 산 108번지","경기도 여주시 산북면 광여로 1115","469892","렉스필드 컨트리클럽","20191112113321","U","2019-11-14 02:40:00.0","","237252.686678122","433057.371204427","골프장","사립","1","","","13704.86","","","",
"186","골프장","10_31_02_P","5700000","CDFH2302012000000001","20000531","","01","영업/정상","13","영업중","","","","","880-6700","","469803","경기도 여주시 하거동 산 49번지","경기도 여주시 가여로 532 (하거동)","469803","남여주대중골프장","20170126162301","I","2018-08-31 23:59:59.0","","256243.05307200000","414750.12591200000","골프장","사립","1","","","11135.16","","","",
"187","골프장","10_31_02_P","5700000","CDFH2302011998000001","19980923","","01","영업/정상","13","영업중","","","","","881-1500","","469851","경기도 여주시 북내면 운촌리 산 40","경기도 여주시 북내면 운촌길 254","","스카이밸리골프장","20210125155053","U","2021-01-27 02:40:00.0","","265018.580751058","427046.874573237","골프장","사립","1","","","14901.64","","","",
"188","골프장","10_31_02_P","5700000","CDFH2302011995000001","19950327","","01","영업/정상","13","영업중","","","","","","","469853","경기도 여주시 북내면 덕산리 산 3-1번지","경기도 여주시 북내면 신라그린길 84","469853","신라컨트리클럽","20200421102536","U","2020-04-23 02:40:00.0","","262338.468623772","429488.351784047","골프장","사립","1","","","9514.75","","","",
"189","골프장","10_31_02_P","5700000","CDFH2302011993000001","19930508","","01","영업/정상","13","영업중","","","","","884-8400","","469884","경기도 여주시 가남읍 삼군리 산 44번지","경기도 여주시 가남읍 자유그린길 69","469884","자유컨트리클럽","20200311150953","U","2020-03-13 02:40:00.0","","250376.644322142","412080.863508975","골프장","사립","1","","","32024.13","","","",
"190","골프장","10_31_02_P","5700000","CDFH2302012012000001","20120613","","01","영업/정상","13","영업중","","","","","","","469863","경기도 여주시 강천면 부평리 418-1번지","경기도 여주시 강천면 강문로 872","","여주썬밸리 컨트리클럽","20180111154659","I","2018-08-31 23:59:59.0","","265289.636073615","418768.150126795","골프장","사립","Y","","3","3066.67","0","","",
"191","골프장","10_31_02_P","5700000","CDFH2302012011000002","20111209","","01","영업/정상","13","영업중","","","","","","","469863","경기도 여주시 강천면 부평리 산 59-3","경기도 여주시 강천면 부평로 609","469863","360도 컨트리클럽","20210308162650","U","2021-03-10 02:40:00.0","","265670.58883800000","422934.13593000000","골프장","사립","","1","8","9566.81","0","","",
"192","골프장","10_31_02_P","5700000","CDFH2302012011000001","20110427","","01","영업/정상","13","영업중","","","","","","","469855","경기도 여주시 오금동 422-3","경기도 여주시 여양로 530 (오금동)","","주식회사 한라세라지오","20201104155422","U","2020-11-06 02:40:00.0","","258030.336615108","425208.995921645","골프장","사립","Y","1","3","8790.85","390","","",
"193","골프장","10_31_02_P","5700000","CDFH2302012009000002","20091007","","01","영업/정상","13","영업중","","","","","","","469801","경기도 여주시 연라동 산 67-1","경기도 여주시 명품1로 76 (연라동)","","해슬리나인브릿지 컨트리클럽","20210817142709","U","2021-08-19 02:40:00.0","","254799.08996600000","417832.23001300000","골프장","사립","","1","0","28413.19","280","","",
"194","골프장","10_31_02_P","5700000","CDFH2302012007000001","20070425","","01","영업/정상","13","영업중","","","","","031-882-9202","","469883","경기도 여주시 가남읍 안금리 산 103번지","경기도 여주시 가남읍 아리지그린길 68","","아리지 골프장","20170602085615","I","2018-08-31 23:59:59.0","","252780.815093238","412615.746328495","골프장","사립","0","","","8714.58","","","",
"195","골프장","10_31_02_P","4070000","CDFH2302012014000001","20140331","","01","영업/정상","13","영업중","","","","","","","467883","경기도 이천시 설성면 송계리 산 25-1번지","","","이천마이다스골프앤리조트","20140331150429","I","2018-08-31 23:59:59.0","","","","골프장","사립","","","","","","","",
"196","골프장","10_31_02_P","4070000","CDFH2302012013000001","20130809","","01","영업/정상","13","영업중","","","","","639-0077","","","경기도 이천시 율면 월포리 산 138-19","경기도 이천시 율면 임오산로 296","17423","이천실크밸리골프클럽","20201228094452","U","2020-12-30 02:40:00.0","","250909.38622222","397695.957518926","골프장","사립","","1","","11784.53","","","",
"197","골프장","10_31_02_P","4070000","CDFH2302012010000002","20100827","","01","영업/정상","13","영업중","","","","","031-643-2000","","467902","경기도 이천시 장호원읍 풍계리 산 52번지","","","대중제 골프장(9홀)","20100827130949","I","2018-08-31 23:59:59.0","","","","골프장","사립","","","","","","","",
"198","골프장","10_31_02_P","4070000","CDFH2302012010000001","20100323","","01","영업/정상","13","영업중","","","","","","","467902","경기도 이천시 장호원읍 풍계리 산 52번지","","","블랙스톤골프장(회원제)","20161229142459","I","2018-08-31 23:59:59.0","","","","골프장","사립","","","","","","","",
"199","골프장","10_31_02_P","4070000","CDFH2302012009000001","20090901","","01","영업/정상","13","영업중","","","","","031-630-7014","","","경기도 이천시 모가면 소고리 640-6","경기도 이천시 모가면 공원로 64","17407","사우스스프링스C.C","20210415085644","U","2021-04-17 02:40:00.0","","239705.273080265","408807.576944262","골프장","사립","","","","12682.68","","","",
"200","골프장","10_31_02_P","4070000","CDFH2302012008000003","20081218","","01","영업/정상","13","영업중","","","","","645-6140","","467851","경기도 이천시 대월면 도리리 66번지","경기도 이천시 대월면 대월로 627-141","","더반 골프클럽","20191111122233","U","2019-11-13 02:40:00.0","","243475.608955394","411799.697197476","골프장","사립","0","","","6792","","","",
"201","골프장","10_31_02_P","4070000","CDFH2302012008000002","20080605","","01","영업/정상","13","영업중","","","","","636-3577","","","경기도 이천시 모가면 어농리 386-1번지","경기도 이천시 모가면 어농로 272","17406","비에이비스타 골프장","20181008092108","U","2018-10-10 02:37:32.0","","237025.671675748","408991.623486773","골프장","사립","0","","","13784.82","17","","",
"202","골프장","10_31_02_P","4070000","CDFH2302012008000001","20080102","","01","영업/정상","13","영업중","","","","","","","467851","경기도 이천시 대월면 도리리 277번지","","","더반골프클럽","20080102145251","I","2018-08-31 23:59:59.0","","","","골프장","사립","0","","","","","","",
"203","골프장","10_31_02_P","4070000","CDFH2302012003000001","20030703","","01","영업/정상","13","영업중","","","","","636-3577","","","경기도 이천시 모가면 어농리 386-1번지","경기도 이천시 모가면 어농로 272","17406","비에이비스타C.C.(대중제)","20181008092032","U","2018-10-10 02:37:32.0","","237025.671675748","408991.623486773","골프장","사립","","","","861","","","",
"204","골프장","10_31_02_P","4070000","CDFH2302011996000002","19960106","","01","영업/정상","13","영업중","","","","","","","467871","경기도 이천시 모가면 어농리 산 86번지","","","백암비스타골프장","20030121102521","I","2018-08-31 23:59:59.0","","","","골프장","사립","0","","","1717056","","","",
"205","골프장","10_31_02_P","4070000","CDFH2302011996000001","19960805","","01","영업/정상","13","영업중","","","","","630-7500","","","경기도 이천시 모가면 두미리 419 뉴스프링C.C","경기도 이천시 모가면 사실로527번길 158, 뉴스프링빌C.C.","17406","뉴스프링빌골프장","20200709180800","U","2020-07-11 02:40:00.0","","238263.44452947","405932.926652506","골프장","사립","0","","","9405.91","212","","",
"206","골프장","10_31_02_P","4070000","CDFH2302011994000001","19940629","","01","영업/정상","13","영업중","","","","","","","","경기도 용인시 원삼면 맹리 산 29-8번지","","","지산골프장","20030120132220","I","2018-08-31 23:59:59.0","","","","골프장","사립","0","","","1756252","","","",
"207","골프장","10_31_02_P","4070000","CDFH2302011991000001","19910716","","01","영업/정상","13","영업중","","","","","","","469883","경기도 여주군 가남면 양귀리 산 59번지","","","한일골프장","20030120133112","I","2018-08-31 23:59:59.0","","","","골프장","사립","0","","","1918640","","","",
"208","골프장","10_31_02_P","4070000","CDFH2302011986000001","19861006","","01","영업/정상","13","영업중","","","","","640-8114","","","경기도 이천시 호법면 매곡리 704-2","경기도 이천시 호법면 장자터로 115","17396","에이치원 클럽(H1 CLUB)","20201012170942","U","2020-10-14 02:40:00.0","","235653.987263479","409694.663605375","골프장","사립","0","","","8164.28","29","","",
"209","골프장","10_31_02_P","4070000","CDFH2302012016000002","20161228","","01","영업/정상","13","영업중","","","","","031-630-0815","","","경기도 이천시 장호원읍 풍계리 41-41번지","경기도 이천시 장호원읍 장여로 459-160","17414","블랙스톤골프장","20200311100330","U","2020-03-13 02:40:00.0","","254709.922386563","406826.131973447","골프장","사립","","","","","","","",
"210","골프장","10_31_02_P","4070000","CDFH2302012016000001","20160830","","01","영업/정상","13","영업중","","","","","645-1800","","","경기도 이천시 모가면 두미리 산 39-9번지","경기도 이천시 모가면 사실로725번길 119-73","17406","웰링턴컨트리클럽","20190212150211","U","2019-02-14 02:40:00.0","","236850.958084155","407551.223806998","골프장","사립","","1","","17888","270","","",
"211","골프장","10_31_02_P","4070000","CDFH2302012014000002","20141126","","01","영업/정상","13","영업중","","","","","640-0123","","467880","경기도 이천시 설성면","경기도 이천시 설성면 설가로 602","","이천 마이다스 골프 앤 리조트","20181008092424","U","2018-10-10 02:37:32.0","","246502","408493","골프장","사립","","","","8697.26","","","",
"212","골프장","10_31_02_P","5700000","CDFH2302012014000002","20141211","","01","영업/정상","13","영업중","","","","","","","469863","경기도 여주시 강천면 부평리 418-1","경기도 여주시 강천면 강문로 872","","썬밸리 컨트리클럽","20201023163731","U","2020-10-25 02:40:00.0","","265289.636073615","418768.150126795","골프장","사립","","","","","","","",
"213","골프장","10_31_02_P","5700000","CDFH2302012014000001","20140501","","01","영업/정상","13","영업중","","","","","","","469873","경기도 여주시 점동면 사곡리 117번지","경기도 여주시 점동면 점동로 181","","페럼클럽","20171213181950","I","2018-08-31 23:59:59.0","","261316.05594100000","412361.77084200000","골프장","사립","Y","1","","14770.81","","","",
"214","골프장","10_31_02_P","4230000","CDFH2302012001000001","20010724","","01","영업/정상","13","영업중","","","","","02-534-2283","","217807","강원도 속초시 금호동 600-7번지","강원도 속초시 영랑호반길 140 (금호동)","217807","레익스빌골프장","20111030130016","I","2018-08-31 23:59:59.0","","338374.412974796","524654.315852629","골프장","사립","0","","","","","","",
"215","골프장","10_31_02_P","5600000","CDFH2302011991000001","19910304","","03","폐업","03","폐업","20190502","","","","","","","경기도 포천시 내촌면 소학리 산 114-1번지","경기도 포천시 내촌면 금강로2536번길 27","11188","(주)예지실업 베어스타운 일반대중골프장","20190502175942","U","2019-05-04 02:40:00.0","","222405.13167100000","477699.39902400000","골프장","사립","","","","","","","",
"216","골프장","10_31_02_P","4080000","CDFH2302012011000002","20110129","","03","폐업","03","폐업","20160325","","","","","","456892","경기도 안성시 죽산면 장능리 160번지","경기도 안성시 죽산면 녹배길 175","456892","에덴블루C.C","20160328123621","I","2018-08-31 23:59:59.0","","235719.851518507","395432.303352102","골프장","사립","","1","","16913.37","","","",
